Workbook

Sheet Controle
D2: Dashboard de Custos
D3: Itens | F3: Valor Total Previsto | G3: Valor Real
D4: Discrição | E4: Subiten
D5: Mão de Obra | E5: Mão de Obra | F5: =Dados!AA6 -> 6201141.8 | G5: =Dados!AB6 -> 6201141.8
D6: Equipamento | F6: =Dados!AA7 -> 1752644.5 | G6: =Dados!AB7 -> 1752644.5
E7: Onibus | F7: =Dados!AA8 -> 1309000 | G7: =Dados!AB8 -> 1309000
E8: Guindaste | F8: =Dados!AA9 -> 677.45676 | G8: =Dados!AB9 -> 677.45676
E9: Munck | F9: =Dados!AA10 -> 15499.329 | G9: =Dados!AB10 -> 15499.329
E10: Maquinas pesadas | F10: =Dados!AA11 -> 28252.644 | G10: =Dados!AB11 -> 3984.344
E11: Conteiner | F11: =Dados!AA12 -> 17677 | G11: =Dados!AB12 -> 17677
E12: Carros Leve | F12: =Dados!AA13 -> 234500 | G12: =Dados!AB13 -> 234500
E13: Outros | F13: =Dados!AA14 -> 14506.983 | G13: =Dados!AB14 -> 14506.983
D14: materiais | F14: =Dados!AA15 -> 88081.916 | G14: =Dados!AB15 -> 88081.916
E15: Ferramental | F15: =Dados!AA16 -> 4784.1478 | G15: =Dados!AB16 -> 4784.1478
E16: Consumiveis | F16: =Dados!AA17 -> 2292 | G16: =Dados!AB17 -> 2292
E17: Andamei | F17: =Dados!AA18 -> 1860.5202 | G17: =Dados!AB18 -> 1860.5202
E18: Caçamba | F18: =Dados!AA19 -> 329.88438 | G18: =Dados!AB19 -> 329.88438
E19: Outros | F19: =Dados!AA20 -> 82459.433 | G19: =Dados!AB20 -> 82459.433
D23: Total | F23: =SUM(F5:F19) -> 9753707.6 | G23: =SUM(G5:G19) -> 9729439.3

Sheet CPU
C5: GERAL
C7: SERVIÇO: | D7: Mobilização de equipe e equipamentos
C8: ITEM: | D8: 1.1.1.1.1 | F8: UNID.: | G8: vb | H8: 0
C9: ITEM | D9: DESCRIÇÃO | E9: UNID | F9: QUANTIDADE | G9: VALOR UNIT. | H9: VALOR TOTAL
C11: 1.0 | D11: MÃO DE OBRA
G13: 0
G14: 0 | H14: 0
C15: TOTAL 1.0 | H15: 0
C16: 2.0 | D16: EQUIPAMENTOS
G17: 0 | H17: 0
G18: 0 | H18: 0
G19: 0 | H19: 0
G20: 0 | H20: 0
G21: 0 | H21: 0
G22: 0 | H22: 0
G23: 0 | H23: 0
G24: 0 | H24: 0
C25: TOTAL 2.0 | H25: 0
C26: 3.0 | D26: MATERIAIS | H26: 0
G27: 0 | H27: 0
G28: 0 | H28: 0
G29: 0 | H29: 0
G30: 0 | H30: 0
G31: 0 | H31: 0
G32: 0 | H32: 0
G33: 0 | H33: 0
C34: TOTAL 3.0 | H34: 0
C35: CUSTO DIRETO (A+B+C) | H35: 0
C36: BDI | H36: 0
C37: TOTAL GERAL | H37: 0
C39: SERVIÇO: | D39: Desmobilização de equipe e equipamentos
C40: ITEM: | D40: 1.1.1.1.2 | F40: UNID.: | G40: vb | H40: 268104.35
C41: ITEM | D41: DESCRIÇÃO | E41: UNID | F41: QUANTIDADE | G41: VALOR UNIT. | H41: VALOR TOTAL
C43: 1.0 | D43: MÃO DE OBRA
C44: MOD | D44: Mecânico montador | E44: h | F44: 330 | G44: 79.456006 | H44: 26220.482
C45: MOD | D45: Ajudante de montagem | E45: h | F45: 330 | G45: 45.411751 | H45: 14985.878
G46: 0 | H46: 0
G47: 0 | H47: 0
C48: TOTAL 1.0 | H48: =H44+H45 -> 41206.36
C49: 2.0 | D49: EQUIPAMENTOS
C50: EQUIP | D50: REPAROS E IDENIZAÇÕES EM EQUIPAMENTOS DE PEQUENO E MÉDIO PORTE | E50: VB | F50: 1 | G50: 100000 | H50: 100000
G52: 0 | H52: 0
G53: 0 | H53: 0
G54: 0 | H54: 0
G55: 0 | H55: 0
G56: 0 | H56: 0
G57: 0 | H57: 0
C58: TOTAL 2.0 | H58: 100000
C59: 3.0 | D59: MATERIAIS | H59: 0
D60: Exames demissionais | H60: 0
C61: MAT/MOD | D61: Equipe MOD | E61: und | F61: 136 | G61: 450 | H61: 61200
C62: MAT/MOD | D62: Equipe MOI | E62: und | F62: 33 | G62: 385 | H62: 12705
G63: 0 | H63: 0
G64: 0 | H64: 0
G65: 0 | H65: 0
C66: TOTAL 3.0 | H66: =H61+H62 -> 73905
C67: CUSTO DIRETO (A+B+C) | H67: 215111.36
C68: BDI | H68: 52992.991
C69: TOTAL GERAL | H69: 268104.35
C71: SERVIÇO: | D71: Construção de Canteiro Completo (Adm, Vestiários, Refeitório, Armazém, etc)
C72: ITEM: | D72: 1.2.1.1 | F72: UNID.: | G72: vb | H72: 0
C73: ITEM | D73: DESCRIÇÃO | E73: UNID | F73: QUANTIDADE | G73: VALOR UNIT. | H73: VALOR TOTAL
C75: 1.0 | D75: MÃO DE OBRA
G82: 0 | H82: 0
G83: 0 | H83: 0
G84: 0 | H84: 0
G85: 0 | H85: 0
G86: 0 | H86: 0
C87: TOTAL 1.0 | H87: 0
C88: 2.0 | D88: EQUIPAMENTOS
G90: 0 | H90: 0
G91: 0 | H91: 0
C92: TOTAL 2.0 | H92: 0
C93: 3.0 | D93: MATERIAIS | H93: 0
G115: 0 | H115: 0
G116: 0 | H116: 0
G117: 0 | H117: 0
G118: 0 | H118: 0
C119: TOTAL 3.0 | H119: 0
C120: CUSTO DIRETO (A+B+C) | H120: 0
C121: BDI | H121: 0
C122: TOTAL GERAL | H122: 0
C124: SERVIÇO: | D124: Administração e Manutenção de Canteiro
C125: ITEM: | D125: 1.2.1.2 | F125: UNID.: | G125: vb x mês | H125: 122923.33
C126: ITEM | D126: DESCRIÇÃO | E126: UNID | F126: QUANTIDADE | G126: VALOR UNIT. | H126: VALOR TOTAL
C128: 1.0 | D128: MÃO DE OBRA
D129: Manutenção de Canteiro | H129: 0
C130: MOD | D130: Auxiliar de serviços gerais | E130: h | F130: 132 | G130: 44.933633 | H130: 5931.2396
C131: TOTAL 1.0 | H131: 5931.2396
C132: 2.0 | D132: EQUIPAMENTOS
C133: EQUIP | D133: Contêiner Almoxarifado - 6m | E133: qnt x mês | F133: 2 | G133: 1089 | H133: 2178
C134: EQUIP | D134: Contêiner Módulo Habitável Escritório - 6m | E134: qnt x mês | F134: 5 | G134: 1089 | H134: 5445
C135: EQUIP | D135: Contêiner Módulo Habitável Vestiário - 6m | E135: qnt x mês | F135: 2 | G135: 1628 | H135: 3256
C136: EQUIP | D136: Contêiner Módulo Habitável Sanitário com chuveiros - 6m | E136: qnt x mês | F136: 1 | G136: 1699.5 | H136: 1699.5
C137: EQUIP | D137: Contêiner Módulo Habitável Sanitário com vasos - 6m | E137: qnt x mês | F137: 3 | G137: 1699.5 | H137: 5098.5
C138: EQUIP | D138: Banheiros hidráulicos | E138: qnt x mês | F138: 8 | G138: 850 | H138: 6800
C139: EQUIP | D139: Limpeza banheiros hidráulicos | E139: vb | F139: 1 | G139: 8000 | H139: 8000
C140: EQUIP | D140: Caminhão pipa com operador | E140: qnt x mês | F140: 1 | G140: 24268.303 | H140: 24268.303
C141: TOTAL 2.0 | H141: 56745.303
C142: 3.0 | D142: MATERIAIS | H142: 0
...

Sheet Dados
A1: Dados JL
F3: Mês
A4: Itens | B4: Descrição | C4: Sub-Grupo | D4: Total previsto | E4: Total real | F4: 46113 | G4: 46143 | H4: 46174 | I4: 46204 | J4: 46235 | K4: 46266 | L4: 46296 | M4: 46327 | N4: 46357 | O4: 46388 | P4: 46419 | Q4: 46447 | R4: 46478 | S4: 46508 | T4: 46539 | U4: 46569 | V4: Total Custo | Y4: Itens
A5: 1.1.1.1.1 | B5: Mobilização de equipe e equipamentos | D5: 0 | E5: =D5-V5 -> 0 | G5: =Controle!I5 -> 0 | H5: =Controle!J5 -> 0 | I5: =Controle!K5 -> 0 | J5: =Controle!L5 -> 0 | K5: =Controle!M5 -> 0 | L5: =Controle!N5 -> 0 | M5: =Controle!O5 -> 0 | N5: =Controle!P5 -> 0 | ... U5: =Controle!W5 -> 0 | V5: =SUM(F5:U5) -> 0 | Y5: Discrição | Z5: Subiten | AA5: Valor total | AB5: Valor Atual
A6: 1.1.1.1.2 | B6: Desmobilização de equipe e equipamentos | D6: =SUM(D7:D9) -> 215111.36 | E6: =D6-V6 -> 215111.36 | V6: =SUM(F6:U6) -> 0 | Y6: Mão de Obra | Z6: Mão de Obra | AA6: =SUM(D7+D12+D21+D26+D31+D35+D39+D43+D47+D52+D62+D72+D86+D103+D120+D136+D142+D148+D154+D160+D166+D172+D176+D180+D184+D188+D192+D199+D209+D219+D229+D239+D245+D251+D257+D263+D269+D275+D281+D288+D295+D302+D309+D316+D323+D329) -> 6201141.8 | AB6: =SUM(E7+E12+E21+E26+E31+E35+E39+E43+E47+E52+E62+E72+E86+E103+E120+E136+E142+E148+E154+E160+E166+E172+E176+E180+E184+E188+E192+E199+E209+E219+E229+E239+E245+E251+E257+E263+E269+E275+E281+E288+E295+E302+E309+E316+E323+E329) -> 6201141.8
B7: MÃO DE OBRA | C7: Mão de Obra | D7: 41206.36 | E7: =D7-V7 -> 41206.36 | V7: =SUM(F7:U7) -> 0 | Y7: Equipamento | AA7: =SUM(D8+D13+D22+D28+D32+D36+D40+D44+D48+D53+D63+D63+D73+D87+D104+D121+D137+D143+D149+D155+D161+D167+D173+D177+D181+D185+D189+D193+D200+D210+D220+D230+D240+D246+D252+D258+D264+D270+D276+D282+D289+D296+D303+D310+D317+D324) -> 1752644.5 | AB7: =SUM(E8+E13+E22+E28+E32+E36+E40+E44+E48+E53+E63+E63+E73+E87+E104+E121+E137+E143+E149+E155+E161+E167+E173+E177+E181+E185+E189+E193+E200+E210+E220+E230+E240+E246+E252+E258+E264+E270+E276+E282+E289+E296+E303+E310+E317+E324) -> 1752644.5
B8: EQUIPAMENTOS | C8: REPAROS E IDENIZAÇÕES EM EQUIPAMENTOS DE PEQUENO E MÉDIO PORTE | D8: 100000 | E8: =D8-V8 -> 100000 | V8: =SUM(F8:U8) -> 0 | Z8: Onibus | AA8: =SUM(D23) -> 1309000 | AB8: =SUM(E23) -> 1309000
B9: MATERIAIS | C9: Equipe MOD | Equipe MOI | D9: 73905 | E9: =D9-V9 -> 73905 | V9: =SUM(F9:U9) -> 0 | Z9: Guindaste | AA9: =SUM(D55+D65+D75+D89+D106+D123) -> 677.45676 | AB9: =SUM(E55+E65+E75+E89+E106+E123) -> 677.45676
A10: 1.2.1.1 | B10: Construção de Canteiro Completo (Adm, Vestiários, Refeitório, Armazém, etc) | D10: 0 | E10: =D10-V10 -> 0 | V10: =SUM(F10:U10) -> 0 | Z10: Munck | AA10: =SUM(D54+D64+D74+D88+D105+D122+D201+D211+D221+D231+D326) -> 15499.329 | AB10: =SUM(E54+E64+E74+E88+E105+E122+E201+E211+E221+E231+E326) -> 15499.329
A11: 1.2.1.2 | B11: Administração e Manutenção de Canteiro | D11: =SUM(D17,D13,D12) -> 98626.543 | E11: =D11-V11 -> 98626.543 | V11: =SUM(F11:U11) -> 0 | Z11: Maquinas pesadas | AA11: =SUM(D36+D40+D44+D56+D66+D77+D78+D79+D91+D92+D93+D94+D108+D109+D110+D125+D111+D126+D127+D16) -> 28252.644 | AB11: =SUM(E36+E40+E44+E56+E66+E77+E78+E79+E91+E92+E93+E94+E108+E109+E110+E125+E111+E126+E127) -> 3984.344
B12: MÃO DE OBRA | C12: MÃO DE OBRA | D12: 5931.2396 | E12: =D12-V12 -> 5931.2396 | V12: =SUM(F12:U12) -> 0 | Z12: Conteiner | AA12: =SUM(D14) -> 17677 | AB12: =SUM(E14) -> 17677
B13: EQUIPAMENTOS | C13: EQUIPAMENTOS | D13: 56745.303 | E13: =D13-V13 -> 56745.303 | V13: =SUM(F13:U13) -> 0 | Z13: Carros Leve | AA13: =D24 -> 234500 | AB13: =E24 -> 234500
B14: Contêines | C14: Contêiner | D14: 17677 | E14: =D14-V14 -> 17677 | V14: =SUM(F14:U14) -> 0 | Z14: Outros | AA14: =SUM(D15,D76,D90,D107,D124,D194,D202,D203,D212,D213,D222,D223,D232,D233,D283,D290,D297,D304,D311,D318,D325) -> 14506.983 | AB14: =SUM(E15,E76,E90,E107,E124,E194,E202,E203,E212,E213,E222,E223,E232,E233,E283,E290,E297,E304,E311,E318,E325) -> 14506.983
B15: Banheiro | C15: Banheiros hidráulicos | D15: 8850 | E15: =D15-V15 -> 8850 | V15: =SUM(F15:U15) -> 0 | Y15: materiais | AA15: =SUM(D17+D25+D29+D33+D37+D41+D45+D57+D67+D80+D95+D112+D128+D138+D144+D150+D156+D162+D168+D174+D178+D182+D186+D195+D190+D204+D214+D224+D234+D241+D247+D253+D259+D265+D271+D277+D284+D291+D298+D305+D312+D319+D327) -> 88081.916 | AB15: =SUM(E17+E25+E29+E33+E37+E41+E45+E57+E67+E80+E95+E112+E128+E138+E144+E150+E156+E162+E168+E174+E178+E182+E186+E195+E190+E204+E214+E224+E234+E241+E247+E253+E259+E265+E271+E277+E284+E291+E298+E305+E312+E319+E327) -> 88081.916
B16: Maquinas Pesadas | C16: Caminhão pipa com operador | D16: 24268.3 | E16: =D16-V16 -> 24268.3 | V16: =SUM(F16:U16) -> 0 | Z16: Ferramental | AA16: =SUM(D325,D318,D311,D304,D297,D290,D283,D235,D232,D225,D222,D58,D68,D76,D81,D90,D96,D107,D113+D124,D129,D194,D202,D205,D212,D215) -> 4784.1478 | AB16: =SUM(E325,E318,E311,E304,E297,E290,E283,E235,E232,E225,E222,E58,E68,E76,E81,E90,E96,E107,E113+E124,E129,E194,E202,E205,E212,E215) -> 4784.1478
B17: MATERIAIS | C17: Materiais | D17: 35950 | E17: =D17-V17 -> 35950 | V17: =SUM(F17:U17) -> 0 | Z17: Consumiveis | AA17: =SUM(D58,D68,D81,D83,D84,D96,D98,D99,D113,D115,D116,D129,D131,D132) -> 2292 | AB17: =SUM(E58,E68,E81,E83,E84,E96,E98,E99,E113,E115,E116,E129,E131,E132) -> 2292
B18: Outros | C18: Outros | D18: 35950 | E18: =D18-V18 -> 35950 | V18: =SUM(F18:U18) -> 0 | Z18: Andamei | AA18: =SUM(D60,D70,D100,D117,D133,D139,D145,D151,D157,D163,D169,D196,D206,D216,D226,D236,D285,D292,D299,D306,D313,D320,D330) -> 1860.5202 | AB18: =SUM(E60,E70,E100,E117,E133,E139,E145,E151,E157,E163,E169,E196,E206,E216,E226,E236,E285,E292,E299,E306,E313,E320,E330) -> 1860.5202
A19: 1.2.1.3 | B19: Desmobilização de Canteiro Completo (Adm, Vestiários, Refeitório, Armazém, etc) | C19: - | D19: 0 | E19: =D19-V19 -> 0 | V19: =SUM(F19:U19) -> 0 | Z19: Caçamba | AA19: =SUM(D101,D118,D134) -> 329.88438 | AB19: =SUM(E101,E118,E134) -> 329.88438
A20: 1.3.1.1 | B20: Administração Local | D20: {=SUM(D21:D22+D25)} -> 6352156.9 | E20: =D20-V20 -> 6352156.9 | V20: =SUM(F20:U20) -> 0 | Z20: Outros | AA20: =SUM(D18,D140,D146,D152,D158,D164,D170,D205,D207,D215,D217,D225,D227,D235,D237,D242:D243,D248:D249,D254:D255,D260:D261,D266:D267,D272:D273,D278:D279,D286,D293,D300,D307,D314,D321) -> 82459.433 | AB20: =SUM(E18,E140,E146,E152,E158,E164,E170,E205,E207,E215,E217,E225,E227,E235,E237,E242:E243,E248:E249,E254:E255,E260:E261,E266:E267,E272:E273,E278:E279,E286,E293,E300,E307,E314,E321) -> 82459.433
B21: MÃO DE OBRA | C21: MÃO DE OBRA | D21: 4808656.9 | E21: =D21-V21 -> 4808656.9 | V21: =SUM(F21:U21) -> 0
B22: EQUIPAMENTOS | C22: EQUIPAMENTOS | D22: 1543500 | E22: =D22-V22 -> 1543500 | V22: =SUM(F22:U22) -> 0 | Z22: total | AA22: =SUM(AA6:AA20) -> 9753707.6 | AB22: =SUM(AB6:AB20) -> 9729439.3
B23: Onibus | C23: Ônibus transporte interno | D23: 1309000 | E23: =D23-V23 -> 1309000 | V23: =SUM(F23:U23) -> 0
B24: Outros | C24: Carro Leves | D24: 234500 | E24: =D24-V24 -> 234500 | V24: =SUM(F24:U24) -> 0
B25: MATERIAIS | C25: Materiais | D25: 0 | E25: =D25-V25 -> 0 | V25: =SUM(F25:U25) -> 0
A26: 2.1.1.1 | B26: Serviços de documentação de obras com time lapse | D26: =SUM(D27:D29) -> 35500 | E26: =D26-V26 -> 35500 | V26: =SUM(F26:U26) -> 0
B27: MÃO DE OBRA | C27: MÃO DE OBRA | D27: 10500 | E27: =D27-V27 -> 10500 | V27: =SUM(F27:U27) -> 0
B28: EQUIPAMENTOS | C28: Locação de Equipamento | D28: 25000 | E28: =D28-V28 -> 25000 | V28: =SUM(F28:U28) -> 0
B29: MATERIAIS | C29: Materiais | D29: 0 | E29: =D29-V29 -> 0 | V29: =SUM(F29:U29) -> 0
A30: 2.1.1.2 | B30: Elaboração de Projetos Detalhados, vistas, cortes etc. ex. projeto de guarda-corpo e condição insegura. | D30: =SUM(D31:D33) -> 1965.625 | E30: =D30-V30 -> 1965.625 | V30: =SUM(F30:U30) -> 0
B31: MÃO DE OBRA | C31: MÃO DE OBRA | D31: 1965.625 | E31: =D31-V31 -> 1965.625 | V31: =SUM(F31:U31) -> 0
B32: EQUIPAMENTOS | C32: EQUIPAMENTOS | D32: 0 | E32: =D32-V32 -> 0 | V32: =SUM(F32:U32) -> 0
B33: MATERIAIS | C33: MATERIAIS | D33: 0 | E33: =D33-V33 -> 0 | V33: =SUM(F33:U33) -> 0
A34: 2.2.1.1.1 | B34: Demolição de concreto armado mecanizado. | D34: =SUM(D35:D37) -> 301.13341 | E34: =D34-V34 -> 301.13341 | V34: =SUM(F34:U34) -> 0
B35: MÃO DE OBRA | C35: MÃO DE OBRA | D35: 173.03991 | E35: =D35-V35 -> 173.03991 | V35: =SUM(F35:U35) -> 0
B36: EQUIPAMENTOS | C36: Maquinas Pesadas | D36: 106.74459 | E36: =D36-V36 -> 106.74459 | V36: =SUM(F36:U36) -> 0
B37: MATERIAIS | C37: MATERIAIS | D37: 21.348917 | E37: =D37-V37 -> 21.348917 | V37: =SUM(F37:U37) -> 0
A38: 2.2.1.2.1 | B38: Carga, transporte e descarga de material proveniente de demolições ou desmontes para a área do CMD - Vale. CAÇAMBAS E CAMINHÃO DA CONTRATADA | D38: =SUM(D39:D41) -> 95.668888 | E38: =D38-V38 -> 95.668888 | V38: =SUM(F38:U38) -> 0
B39: MÃO DE OBRA | C39: MÃO DE OBRA | D39: 53.973704 | E39: =D39-V39 -> 53.973704 | V39: =SUM(F39:U39) -> 0
B40: EQUIPAMENTOS | C40: Maquinas Pesadas | D40: 41.695185 | E40: =D40-V40 -> 41.695185 | V40: =SUM(F40:U40) -> 0
B41: MATERIAIS | C41: MATERIAIS | D41: 0 | E41: =D41-V41 -> 0 | V41: =SUM(F41:U41) -> 0
A42: 2.2.1.2.2 | B42: Momento extraordinário de transporte de material proveniente de demolições ou desmontes para bota-fora - DMT até 25 km. CAÇAMBAS E CAMINHÃO DA CONTRATADA | D42: =SUM(D43:D45) -> 6.9909922 | E42: =D42-V42 -> 6.9909922 | V42: =SUM(F42:U42) -> 0
B43: MÃO DE OBRA | C43: MÃO DE OBRA | D43: 0 | E43: =D43-V43 -> 0 | V43: =SUM(F43:U43) -> 0
B44: EQUIPAMENTOS | C44: Maquinas Pesadas | D44: 6.9909922 | E44: =D44-V44 -> 6.9909922 | V44: =SUM(F44:U44) -> 0
B45: MATERIAIS | C45: MATERIAIS | D45: 0 | E45: =D45-V45 -> 0 | V45: =SUM(F45:U45) -> 0
A46: 2.3.1.1.1 | B46: CONCRETO NÃO-BOMBEADO EM ESTRUTURA DE FUNDAÇÃO FCK = 30,0 MPa. | E46: =D46-V46 -> 0 | V46: =SUM(F46:U46) -> 0
B47: MÃO DE OBRA | C47: Mão de Obra | D47: 326.24004 | E47: =D47-V47 -> 326.24004 | V47: =SUM(F47:U47) -> 0
B48: EQUIPAMENTOS | C48: Ferramenta de pequeno/médio porte | D48: 15.904202 | E48: =D48-V48 -> 15.904202 | V48: =SUM(F48:U48) -> 0
B49: MATERIAIS | C49: Outros | D49: 765 | E49: =D49-V49 -> 765 | V49: =SUM(F49:U49) -> 0
B50: Concreto usinado fck 30MPa | C50: Concreto/ controle tecnico | D50: 765 | E50: =D50-V50 -> 765 | V50: =SUM(F50:U50) -> 0
A51: 3.1.1.1 | B51: DESMONTAGEM, CARREGAMENTO, SEGREGAÇÃO PREPARAÇÃO E TRANSPORTE ATÉ O CMD VALE DE EQUIPAMENTOS MECÂNICOS - CAÇAMBAS E CAMINHÃO DA CONTRATADA. | D51: =SUM(D52:D53,D57) -> 4875.837 | E51: =D51-V51 -> 4875.837 | V51: =SUM(F51:U51) -> 0
B52: MÃO DE OBRA | C52: MÃO DE OBRA | D52: 2917.5299 | E52: =D52-V52 -> 2917.5299 | V52: =SUM(F52:U52) -> 0
B53: EQUIPAMENTOS | C53: EQUIPAMENTOS | D53: 1202.9706 | E53: =D53-V53 -> 1202.9706 | V53: =SUM(F53:U53) -> 0
B54: Caminhão Munck com combustível e operador | C54: Munck | D54: 409.89821 | E54: =D54-V54 -> 409.89821 | V54: =SUM(F54:U54) -> 0
B55: Guindaste 30T | C55: Guindastes | D55: 95.305351 | E55: =D55-V55 -> 95.305351 | V55: =SUM(F55:U55) -> 0
B56: Maquinas Pesadas | C56: Maquinas Pesadas | D56: 697.77 | E56: =D56-V56 -> 697.77 | V56: =SUM(F56:U56) -> 0
B57: MATERIAIS | C57: Materiais | D57: 755.33653 | E57: =D57-V57 -> 755.33653 | V57: =SUM(F57:U57) -> 0
B58: Consumíveis <ferramental> | Consumo oxigênio |Consumo acetileno | C58: Consumiveis | D58: 382 | E58: =D58-V58 -> 382 | V58: =SUM(F58:U58) -> 0
B59: Locação cilindros oxigênio/acetileno | Locação caçambas estacionárias | C59: Locação | D59: 219.96 | E59: =D59-V59 -> 219.96 | V59: =SUM(F59:U59) -> 0
B60: Material de Andaimes | C60: Andaime | D60: 153.37506 | E60: =D60-V60 -> 153.37506 | V60: =SUM(F60:U60) -> 0
A61: 3.2.1.1.1 | B61: DESMONTAGEM E/OU CARREGAMENTO, SEGREGAÇÃO E PREPARAÇÃO DENTRO DAS CAÇAMBAS DE ESTRUTURAS METÁLICAS, CHUTES, SILOS, CHAPAS, CALHAS E TUBULAÇÕES DN 8", 12", 14", 16, METAL DE TRANSPORTADOR, PIPE-RACK, INCLINADOS OU NA HORIZONTAL E NA VERTICAL BEM COMO OS SUPORTES DESTAS TUBULAÇÕES ETC - CAÇAMBAS E CAMINHÃO DA VALE. | D61: =SUM(D62:D63,D67) -> 5255.281 | E61: =D61-V61 -> 5255.281 | V61: =SUM(F61:U61) -> 0
B62: MÃO DE OBRA | C62: Mão de Obra | D62: 3119.8657 | E62: =D62-V62 -> 3119.8657 | V62: =SUM(F62:U62) -> 0
B63: EQUIPAMENTOS | C63: EQUIPAMENTOS | D63: 1490.0402 | E63: =D63-V63 -> 1490.0402 | V63: =SUM(F63:U63) -> 0
B64: Caminhão Munck com combustível e operador | C64: Munck | D64: 376.32612 | E64: =D64-V64 -> 376.32612 | V64: =SUM(F64:U64) -> 0
B65: Guindaste 30T | C65: Guindastes | D65: 200.93 | E65: =D65-V65 -> 200.93 | V65: =SUM(F65:U65) -> 0
B66: Escavadeira com Tesoura Hidráulica | Escavadeira hidráulica com garra sucateira | C66: Maquinas Pesadas | D66: 912.78 | E66: =D66-V66 -> 912.78 | V66: =SUM(F66:U66) -> 0
B67: MATERIAIS | C67: Materiais | D67: 645.37506 | E67: =D67-V67 -> 645.37506 | V67: =SUM(F67:U67) -> 0
B68: Consumíveis <ferramental> | Consumo oxigênio |Consumo acetileno | C68: Consumiveis | D68: 382 | E68: =D68-V68 -> 382 | V68: =SUM(F68:U68) -> 0
B69: Locação cilindros oxigênio/acetileno | Locação caçambas estacionárias | C69: Locação | D69: 110 | E69: =D69-V69 -> 110 | V69: =SUM(F69:U69) -> 0
B70: Material de Andaimes | C70: Andaime | D70: 153.37506 | E70: =D70-V70 -> 153.37506 | V70: =SUM(F70:U70) -> 0
A71: 3.3.1.1.1 | B71: LIMPEZA E REMOÇÃO DE MATERIAIS EM EQUIPAMENTOS MECÂNICOS SEGREGAÇÃO E PREPACÃO DENTRO DAS CAÇAMBAS, TRANSPORTE ATÉ O CMD PARA PESAGEM E EMISSÃO DE TICKET E TRANSPORTE ATÉ PÁTIO DE MINÉRIOS INTERNO VALE (TUBARÃO) PARA DESCARREGAMENTO - CAÇAMBAS E CAMINHÃO DA CONTRATADA. | D71: =SUM(D72+D73+D80) -> 2292.5837 | E71: =D71-V71 -> 2292.5837 | V71: =SUM(F71:U71) -> 0
B72: MÃO DE OBRA | C72: Mão De Obra | D72: 1080.5599 | E72: =D72-V72 -> 1080.5599 | V72: =SUM(F72:U72) -> 0
B73: EQUIPAMENTOS | C73: EQUIPAMENTOS | D73: =SUM(D74:D79) -> 720.02388 | E73: =D73-V73 -> 720.02388 | V73: =SUM(F73:U73) -> 0
B74: Caminhão Munck com combustível e operador | C74: Munck | D74: 136.63274 | E74: =D74-V74 -> 136.63274 | V74: =SUM(F74:U74) -> 0
B75: Guindaste 30T | C75: Guindastes | D75: 95.305351 | E75: =D75-V75 -> 95.305351 | V75: =SUM(F75:U75) -> 0
B76: Ferramenta de pequeno/médio porte | C76: Outros | D76: 26.338647 | E76: =D76-V76 -> 26.338647 | V76: =SUM(F76:U76) -> 0
B77: Carreta 12m com motorista | C77: Maquinas Pesadas | D77: 169.1949 | E77: =D77-V77 -> 169.1949 | V77: =SUM(F77:U77) -> 0
B78: Escavadeira hidráulica com garra sucateira | C78: Maquinas Pesadas | D78: 146.27612 | E78: =D78-V78 -> 146.27612 | V78: =SUM(F78:U78) -> 0
B79: Escavadeira com Tesoura Hidráulica | C79: Maquinas Pesadas | D79: 146.27612 | E79: =D79-V79 -> 146.27612 | V79: =SUM(F79:U79) -> 0
B80: MATERIAIS | C80: MATERIAIS | D80: =SUM(D81:D84) -> 492 | E80: =D80-V80 -> 492 | V80: =SUM(F80:U80) -> 0
B81: Consumíveis <ferramental> | C81: Ferramental | D81: 32.5 | E81: =D81-V81 -> 32.5 | V81: =SUM(F81:U81) -> 0
B82: Locação cilindros oxigênio/acetileno | C82: Locação | D82: 110 | E82: =D82-V82 -> 110 | V82: =SUM(F82:U82) -> 0
B83: Consumo oxigênio | C83: Consumo | D83: 142.5 | E83: =D83-V83 -> 142.5 | V83: =SUM(F83:U83) -> 0
B84: Consumo acetileno | C84: Consumo | D84: 207 | E84: =D84-V84 -> 207 | V84: =SUM(F84:U84) -> 0
A85: 3.4.1.1 | B85: DESMONTAGEM E/OU CARREGAMENTO, SEGREGAÇÃO E PREPARAÇÃO DENTRO DAS CAÇAMBAS DE PAINEIS, CAIXAS DE COMANDO LOCAL, CAIXAS DE INTERLIGAÇÃO, LEITOS, ELETRODUTOS, CONTROLE E INSTRUMENTAÇÃO, REMOTAS, MOTORES. CAÇAMBAS E CAMINHÃO DA CONTRATADA. | D85: =SUM(D86+D87+D95) -> 4902.7732 | E85: =D85-V85 -> 4902.7732 | V85: =SUM(F85:U85) -> 0
B86: MÃO DE OBRA | C86: Mão De Obra | D86: 3063.6056 | E86: =D86-V86 -> 3063.6056 | V86: =SUM(F86:U86) -> 0
B87: EQUIPAMENTOS | C87: EQUIPAMENTOS | D87: =SUM(D88:D94) -> 1206.5312 | E87: =D87-V87 -> 1206.5312 | V87: =SUM(F87:U87) -> 0
B88: Caminhão Munck com combustível e operador | C88: Munck | D88: 409.89821 | E88: =D88-V88 -> 409.89821 | V88: =SUM(F88:U88) -> 0
B89: Guindaste 30T | C89: Guindastes | D89: 95.305351 | E89: =D89-V89 -> 95.305351 | V89: =SUM(F89:U89) -> 0
B90: Ferramenta de pequeno/médio porte | C90: Outros | D90: 74.675386 | E90: =D90-V90 -> 74.675386 | V90: =SUM(F90:U90) -> 0
B91: Coleta caçamba caminhão bruck | C91: Maquinas Pesadas | D91: 210.75947 | E91: =D91-V91 -> 210.75947 | V91: =SUM(F91:U91) -> 0
B92: Carreta 12m com motorista | C92: Maquinas Pesadas | D92: 123.34049 | E92: =D92-V92 -> 123.34049 | V92: =SUM(F92:U92) -> 0
B93: Escavadeira hidráulica com garra sucateira | C93: Maquinas Pesadas | D93: 146.27612 | E93: =D93-V93 -> 146.27612 | V93: =SUM(F93:U93) -> 0
B94: Escavadeira com Tesoura Hidráulica | C94: Maquinas Pesadas | D94: 146.27612 | E94: =D94-V94 -> 146.27612 | V94: =SUM(F94:U94) -> 0
B95: MATERIAIS | C95: MATERIAIS | D95: =SUM(D96:D101) -> 632.63647 | E95: =D95-V95 -> 632.63647 | V95: =SUM(F95:U95) -> 0
B96: Consumíveis <ferramental> | C96: Ferramental | D96: 32.5 | E96: =D96-V96 -> 32.5 | V96: =SUM(F96:U96) -> 0
B97: Locação cilindros oxigênio/acetileno | C97: Locação | D97: 110 | E97: =D97-V97 -> 110 | V97: =SUM(F97:U97) -> 0
B98: Consumo oxigênio | C98: Consumo | D98: 142.5 | E98: =D98-V98 -> 142.5 | V98: =SUM(F98:U98) -> 0
B99: Consumo acetileno | C99: Consumo | D99: 207 | E99: =D99-V99 -> 207 | V99: =SUM(F99:U99) -> 0
B100: Material de Andaimes | C100: Andaime | D100: 30.675013 | E100: =D100-V100 -> 30.675013 | V100: =SUM(F100:U100) -> 0
B101: Locação caçambas estacionárias | C101: Caçambas | D101: 109.96146 | E101: =D101-V101 -> 109.96146 | V101: =SUM(F101:U101) -> 0
...
